rus_id,violence_type,condition,rating
RUS_0654,Instrumental,Humanized,1
RUS_0064,Instrumental,Humanized,1
RUS_0619,Instrumental,Humanized,1
RUS_0039,Instrumental,Humanized,1
RUS_0633,Instrumental,Humanized,1
RUS_0697,Instrumental,Humanized,1
RUS_0794,Instrumental,Humanized,1
RUS_0739,Instrumental,Humanized,1
RUS_0824,Instrumental,Humanized,1
RUS_0270,Instrumental,Humanized,1
RUS_0150,Instrumental,Humanized,2
RUS_0698,Instrumental,Humanized,1
RUS_0933,Instrumental,Humanized,2
RUS_0425,Instrumental,Humanized,1
RUS_0306,Instrumental,Humanized,2
RUS_0886,Instrumental,Humanized,1
RUS_0852,Instrumental,Humanized,1
RUS_0962,Instrumental,Humanized,1
RUS_0024,Instrumental,Humanized,1
RUS_0370,Instrumental,Humanized,1
RUS_0366,Instrumental,Humanized,1
RUS_0301,Instrumental,Humanized,1
RUS_0788,Instrumental,Humanized,1
RUS_0863,Instrumental,Humanized,2
RUS_0974,Instrumental,Humanized,1
RUS_0557,Instrumental,Humanized,1
RUS_0424,Instrumental,Humanized,1
RUS_0535,Instrumental,Humanized,1
RUS_0980,Instrumental,Humanized,1
RUS_0615,Instrumental,Humanized,2
RUS_0243,Instrumental,Humanized,1
RUS_0760,Instrumental,Humanized,1
RUS_0294,Instrumental,Humanized,1
RUS_0874,Instrumental,Humanized,2
RUS_0871,Instrumental,Humanized,1
RUS_0680,Instrumental,Humanized,2
RUS_0686,Instrumental,Humanized,1
RUS_0489,Instrumental,Humanized,1
RUS_0412,Instrumental,Humanized,2
RUS_0533,Instrumental,Humanized,1
RUS_0875,Instrumental,Humanized,1
RUS_0113,Instrumental,Humanized,2
RUS_0556,Instrumental,Humanized,1
RUS_0457,Instrumental,Humanized,1
RUS_0348,Instrumental,Humanized,1
RUS_0003,Instrumental,Humanized,2
RUS_0475,Instrumental,Humanized,2
RUS_0337,Instrumental,Humanized,1
RUS_0959,Instrumental,Humanized,1
RUS_0663,Instrumental,Humanized,2
RUS_0630,Instrumental,Humanized,1
RUS_0559,Instrumental,Humanized,1
RUS_0035,Instrumental,Humanized,1
RUS_0850,Instrumental,Humanized,1
RUS_0829,Instrumental,Humanized,1
RUS_0022,Instrumental,Humanized,1
RUS_0073,Instrumental,Humanized,1
RUS_0774,Instrumental,Humanized,1
RUS_0493,Instrumental,Humanized,1
RUS_0561,Instrumental,Humanized,1
RUS_0101,Instrumental,Humanized,1
RUS_0128,Instrumental,Humanized,1
RUS_0208,Instrumental,Humanized,1
RUS_0931,Instrumental,Humanized,1
RUS_0708,Instrumental,Humanized,1
RUS_0368,Instrumental,Humanized,1
RUS_0701,Instrumental,Humanized,1
RUS_0674,Instrumental,Humanized,1
RUS_0002,Instrumental,Humanized,1
RUS_0738,Instrumental,Humanized,2
RUS_0083,Instrumental,Humanized,1
RUS_0846,Instrumental,Humanized,2
RUS_0121,Instrumental,Humanized,1
RUS_0298,Instrumental,Humanized,2
RUS_0088,Instrumental,Humanized,1
RUS_0296,Instrumental,Humanized,1
RUS_0309,Instrumental,Humanized,1
RUS_0916,Instrumental,Humanized,1
RUS_0081,Instrumental,Humanized,1
RUS_0945,Instrumental,Humanized,1
RUS_0074,Instrumental,Humanized,1
RUS_0839,Instrumental,Humanized,1
RUS_0783,Instrumental,Humanized,2
RUS_0570,Instrumental,Humanized,1
RUS_0175,Instrumental,Humanized,1
RUS_0027,Instrumental,Humanized,1
RUS_0646,Instrumental,Humanized,1
RUS_0122,Instrumental,Humanized,1
RUS_0469,Instrumental,Humanized,1
RUS_0953,Instrumental,Humanized,2
RUS_0473,Instrumental,Humanized,1
RUS_0716,Instrumental,Humanized,1
RUS_0577,Instrumental,Humanized,1
RUS_0851,Instrumental,Humanized,1
RUS_0925,Instrumental,Humanized,1
RUS_0500,Instrumental,Humanized,1
RUS_0928,Instrumental,Humanized,1
RUS_0614,Instrumental,Humanized,1
RUS_0804,Instrumental,Humanized,1
RUS_0506,Instrumental,Humanized,2
RUS_0093,Instrumental,Humanized,1
RUS_0782,Instrumental,Humanized,1
RUS_0129,Instrumental,Humanized,2
RUS_0915,Instrumental,Humanized,1
RUS_0988,Instrumental,Humanized,2
RUS_0291,Instrumental,Humanized,1
RUS_0417,Instrumental,Humanized,1
RUS_0647,Instrumental,Humanized,2
RUS_0991,Instrumental,Humanized,1
RUS_0362,Instrumental,Humanized,2
RUS_0984,Instrumental,Humanized,1
RUS_0171,Instrumental,Humanized,1
RUS_0573,Instrumental,Humanized,1
RUS_0062,Instrumental,Humanized,1
RUS_0198,Instrumental,Humanized,1
RUS_0903,Instrumental,Humanized,2
RUS_0537,Instrumental,Humanized,1
RUS_0831,Instrumental,Humanized,1
RUS_0652,Instrumental,Humanized,1
RUS_0536,Instrumental,Humanized,2
RUS_0578,Instrumental,Humanized,1
RUS_0477,Instrumental,Humanized,1
RUS_0054,Instrumental,Humanized,2
RUS_0212,Instrumental,Humanized,2
RUS_0387,Instrumental,Humanized,2
RUS_0483,Instrumental,Humanized,1
RUS_0969,Instrumental,Humanized,1
RUS_0343,Instrumental,Humanized,2
RUS_0590,Instrumental,Humanized,1
RUS_0786,Instrumental,Humanized,1
RUS_0429,Instrumental,Humanized,1
RUS_0200,Instrumental,Humanized,1
RUS_0448,Instrumental,Humanized,2
RUS_0167,Instrumental,Humanized,1
RUS_0854,Instrumental,Humanized,1
RUS_0247,Instrumental,Humanized,1
RUS_0197,Instrumental,Humanized,1
RUS_0744,Instrumental,Humanized,1
RUS_0106,Instrumental,Humanized,1
RUS_0410,Instrumental,Humanized,2
RUS_0438,Instrumental,Humanized,1
RUS_0199,Instrumental,Humanized,1
RUS_0436,Instrumental,Humanized,1
RUS_0048,Instrumental,Humanized,1
RUS_0038,Instrumental,Humanized,1
RUS_0379,Instrumental,Humanized,1
RUS_0151,Instrumental,Humanized,1
RUS_0972,Instrumental,Humanized,1
RUS_0262,Instrumental,Humanized,1
RUS_0648,Instrumental,Humanized,1
RUS_0855,Instrumental,Humanized,1
RUS_0427,Instrumental,Humanized,1
RUS_0480,Instrumental,Humanized,1
RUS_0089,Instrumental,Humanized,1
RUS_0488,Instrumental,Humanized,1
RUS_0476,Instrumental,Humanized,1
RUS_0484,Instrumental,Humanized,1
RUS_0898,Instrumental,Humanized,2
RUS_0842,Instrumental,Humanized,2
RUS_0183,Instrumental,Humanized,1
RUS_0415,Instrumental,Humanized,1
RUS_0598,Instrumental,Humanized,2
RUS_0107,Instrumental,Humanized,1
RUS_0324,Instrumental,Humanized,1
RUS_0330,Instrumental,Humanized,2
RUS_0960,Instrumental,Humanized,1
RUS_0597,Instrumental,Humanized,1
RUS_0120,Instrumental,Humanized,1
RUS_0838,Instrumental,Humanized,1
RUS_0792,Instrumental,Humanized,2
RUS_0006,Instrumental,Humanized,1
RUS_0841,Instrumental,Humanized,1
RUS_0105,Instrumental,Humanized,2
RUS_0501,Instrumental,Humanized,2
RUS_0700,Instrumental,Humanized,1
RUS_0193,Instrumental,Humanized,1
RUS_0941,Instrumental,Humanized,1
RUS_0682,Instrumental,Humanized,1
RUS_0408,Instrumental,Humanized,1
RUS_0255,Instrumental,Humanized,1
RUS_0795,Instrumental,Humanized,1
RUS_0403,Instrumental,Humanized,2
RUS_0426,Instrumental,Humanized,1
RUS_0604,Instrumental,Humanized,1
RUS_0649,Instrumental,Humanized,1
RUS_0552,Instrumental,Humanized,1
RUS_0283,Instrumental,Humanized,1
RUS_0603,Instrumental,Humanized,1
RUS_0834,Instrumental,Humanized,1
RUS_0937,Instrumental,Humanized,1
RUS_0762,Instrumental,Humanized,1
RUS_0085,Instrumental,Humanized,1
RUS_0334,Instrumental,Humanized,1
RUS_0498,Instrumental,Humanized,1
RUS_0836,Instrumental,Humanized,1
RUS_0443,Instrumental,Humanized,1
RUS_0114,Instrumental,Humanized,2
RUS_0805,Instrumental,Humanized,1
RUS_0072,Instrumental,Humanized,1
RUS_0381,Instrumental,Humanized,1
RUS_0890,Instrumental,Humanized,1
RUS_0547,Instrumental,Humanized,1
RUS_0558,Instrumental,Humanized,1
RUS_0754,Instrumental,Humanized,2
RUS_0514,Instrumental,Humanized,2
RUS_0308,Instrumental,Humanized,2
RUS_0605,Instrumental,Humanized,1
RUS_0543,Instrumental,Humanized,1
RUS_0964,Instrumental,Humanized,1
RUS_0978,Instrumental,Humanized,2
RUS_0186,Instrumental,Humanized,1
RUS_0913,Instrumental,Humanized,2
RUS_0702,Instrumental,Humanized,1
RUS_0753,Instrumental,Humanized,1
RUS_0268,Instrumental,Humanized,2
RUS_0001,Instrumental,Humanized,1
RUS_0354,Instrumental,Humanized,1
RUS_0318,Instrumental,Humanized,1
RUS_0789,Instrumental,Humanized,2
RUS_0181,Instrumental,Humanized,1
RUS_0934,Instrumental,Humanized,1
RUS_0807,Instrumental,Humanized,1
RUS_0430,Instrumental,Humanized,1
RUS_0987,Instrumental,Humanized,1
RUS_0588,Instrumental,Humanized,2
RUS_0576,Instrumental,Humanized,1
RUS_0976,Instrumental,Humanized,1
RUS_0531,Instrumental,Humanized,1
RUS_0011,Instrumental,Humanized,1
RUS_0282,Instrumental,Humanized,1
RUS_0742,Instrumental,Humanized,1
RUS_0771,Instrumental,Humanized,1
RUS_0345,Instrumental,Humanized,2
RUS_0160,Instrumental,Humanized,1
RUS_0256,Instrumental,Humanized,1
RUS_0015,Instrumental,Humanized,1
RUS_0144,Instrumental,Humanized,1
RUS_0757,Instrumental,Humanized,2
RUS_0571,Instrumental,Humanized,2
RUS_0051,Instrumental,Humanized,1
RUS_0384,Instrumental,Humanized,1
RUS_0644,Instrumental,Humanized,1
RUS_0677,Instrumental,Humanized,1
RUS_0768,Instrumental,Humanized,1
RUS_0611,Instrumental,Humanized,1
RUS_0523,Instrumental,Humanized,1
RUS_0398,Instrumental,Humanized,1
RUS_0444,Instrumental,Humanized,1
RUS_0454,Instrumental,Humanized,1
RUS_0740,Instrumental,Humanized,1
RUS_0942,Instrumental,Dehumanized,4
RUS_0230,Instrumental,Dehumanized,2
RUS_0156,Instrumental,Dehumanized,3
RUS_0628,Instrumental,Dehumanized,2
RUS_0405,Instrumental,Dehumanized,3
RUS_0956,Instrumental,Dehumanized,3
RUS_0267,Instrumental,Dehumanized,4
RUS_0441,Instrumental,Dehumanized,3
RUS_0221,Instrumental,Dehumanized,2
RUS_0820,Instrumental,Dehumanized,2
RUS_0246,Instrumental,Dehumanized,3
RUS_0527,Instrumental,Dehumanized,2
RUS_0655,Instrumental,Dehumanized,3
RUS_0935,Instrumental,Dehumanized,2
RUS_0326,Instrumental,Dehumanized,2
RUS_0252,Instrumental,Dehumanized,3
RUS_0233,Instrumental,Dehumanized,2
RUS_0202,Instrumental,Dehumanized,2
RUS_0115,Instrumental,Dehumanized,4
RUS_0078,Instrumental,Dehumanized,3
RUS_0237,Instrumental,Dehumanized,2
RUS_0434,Instrumental,Dehumanized,3
RUS_0517,Instrumental,Dehumanized,2
RUS_0919,Instrumental,Dehumanized,3
RUS_0780,Instrumental,Dehumanized,2
RUS_0369,Instrumental,Dehumanized,4
RUS_0525,Instrumental,Dehumanized,2
RUS_0502,Instrumental,Dehumanized,2
RUS_0305,Instrumental,Dehumanized,2
RUS_0790,Instrumental,Dehumanized,2
RUS_0656,Instrumental,Dehumanized,2
RUS_0617,Instrumental,Dehumanized,2
RUS_0117,Instrumental,Dehumanized,3
RUS_0340,Instrumental,Dehumanized,2
RUS_0375,Instrumental,Dehumanized,2
RUS_0810,Instrumental,Dehumanized,2
RUS_0706,Instrumental,Dehumanized,3
RUS_0242,Instrumental,Dehumanized,3
RUS_0132,Instrumental,Dehumanized,3
RUS_0587,Instrumental,Dehumanized,2
RUS_0668,Instrumental,Dehumanized,2
RUS_0897,Instrumental,Dehumanized,2
RUS_0432,Instrumental,Dehumanized,4
RUS_0018,Instrumental,Dehumanized,3
RUS_0679,Instrumental,Dehumanized,4
RUS_0010,Instrumental,Dehumanized,2
RUS_0249,Instrumental,Dehumanized,3
RUS_0021,Instrumental,Dehumanized,2
RUS_0538,Instrumental,Dehumanized,2
RUS_0347,Instrumental,Dehumanized,3
RUS_0123,Instrumental,Dehumanized,2
RUS_0641,Instrumental,Dehumanized,3
RUS_0904,Instrumental,Dehumanized,2
RUS_0858,Instrumental,Dehumanized,2
RUS_0016,Instrumental,Dehumanized,4
RUS_0857,Instrumental,Dehumanized,2
RUS_0889,Instrumental,Dehumanized,3
RUS_0286,Instrumental,Dehumanized,2
RUS_0163,Instrumental,Dehumanized,2
RUS_0637,Instrumental,Dehumanized,2
RUS_0755,Instrumental,Dehumanized,2
RUS_0231,Instrumental,Dehumanized,3
RUS_0968,Instrumental,Dehumanized,2
RUS_0823,Instrumental,Dehumanized,2
RUS_0845,Instrumental,Dehumanized,3
RUS_0182,Instrumental,Dehumanized,2
RUS_0125,Instrumental,Dehumanized,2
RUS_0274,Instrumental,Dehumanized,4
RUS_0140,Instrumental,Dehumanized,2
RUS_0939,Instrumental,Dehumanized,3
RUS_0102,Instrumental,Dehumanized,3
RUS_0748,Instrumental,Dehumanized,2
RUS_0947,Instrumental,Dehumanized,3
RUS_0918,Instrumental,Dehumanized,2
RUS_0005,Instrumental,Dehumanized,2
RUS_0239,Instrumental,Dehumanized,2
RUS_0592,Instrumental,Dehumanized,3
RUS_0819,Instrumental,Dehumanized,2
RUS_0312,Instrumental,Dehumanized,4
RUS_0534,Instrumental,Dehumanized,4
RUS_0827,Instrumental,Dehumanized,3
RUS_0961,Instrumental,Dehumanized,4
RUS_0319,Instrumental,Dehumanized,2
RUS_0400,Instrumental,Dehumanized,3
RUS_0938,Instrumental,Dehumanized,2
RUS_0621,Instrumental,Dehumanized,4
RUS_0883,Instrumental,Dehumanized,3
RUS_0651,Instrumental,Dehumanized,2
RUS_0050,Instrumental,Dehumanized,3
RUS_0550,Instrumental,Dehumanized,2
RUS_0657,Instrumental,Dehumanized,4
RUS_0165,Instrumental,Dehumanized,2
RUS_0806,Instrumental,Dehumanized,2
RUS_0374,Instrumental,Dehumanized,3
RUS_0729,Instrumental,Dehumanized,3
RUS_0179,Instrumental,Dehumanized,2
RUS_0764,Instrumental,Dehumanized,2
RUS_0870,Instrumental,Dehumanized,2
RUS_0251,Instrumental,Dehumanized,2
RUS_0717,Instrumental,Dehumanized,4
RUS_0346,Instrumental,Dehumanized,4
RUS_0217,Instrumental,Dehumanized,3
RUS_0503,Instrumental,Dehumanized,2
RUS_0640,Instrumental,Dehumanized,3
RUS_0624,Instrumental,Dehumanized,4
RUS_0086,Instrumental,Dehumanized,2
RUS_0779,Instrumental,Dehumanized,2
RUS_0793,Instrumental,Dehumanized,2
RUS_0986,Instrumental,Dehumanized,3
RUS_0439,Instrumental,Dehumanized,2
RUS_0659,Instrumental,Dehumanized,3
RUS_0360,Instrumental,Dehumanized,2
RUS_0995,Instrumental,Dehumanized,2
RUS_0667,Instrumental,Dehumanized,4
RUS_0975,Instrumental,Dehumanized,2
RUS_0730,Instrumental,Dehumanized,3
RUS_0191,Instrumental,Dehumanized,3
RUS_0616,Instrumental,Dehumanized,2
RUS_0177,Instrumental,Dehumanized,3
RUS_0095,Instrumental,Dehumanized,2
RUS_0900,Instrumental,Dehumanized,2
RUS_0873,Instrumental,Dehumanized,3
RUS_0297,Instrumental,Dehumanized,3
RUS_0069,Instrumental,Dehumanized,3
RUS_0812,Instrumental,Dehumanized,4
RUS_0373,Instrumental,Dehumanized,2
RUS_0509,Instrumental,Dehumanized,2
RUS_0153,Instrumental,Dehumanized,2
RUS_0442,Instrumental,Dehumanized,3
RUS_0828,Instrumental,Dehumanized,3
RUS_0390,Instrumental,Dehumanized,2
RUS_0977,Instrumental,Dehumanized,2
RUS_0970,Instrumental,Dehumanized,2
RUS_0166,Instrumental,Dehumanized,2
RUS_0905,Instrumental,Dehumanized,2
RUS_0490,Instrumental,Dehumanized,3
RUS_0263,Instrumental,Dehumanized,2
RUS_0849,Instrumental,Dehumanized,2
RUS_0750,Instrumental,Dehumanized,3
RUS_0724,Instrumental,Dehumanized,2
RUS_0044,Instrumental,Dehumanized,3
RUS_0349,Instrumental,Dehumanized,3
RUS_0993,Instrumental,Dehumanized,3
RUS_0359,Instrumental,Dehumanized,4
RUS_0025,Instrumental,Dehumanized,2
RUS_0409,Instrumental,Dehumanized,2
RUS_0261,Instrumental,Dehumanized,2
RUS_0084,Instrumental,Dehumanized,2
RUS_0689,Instrumental,Dehumanized,3
RUS_0147,Instrumental,Dehumanized,4
RUS_0660,Instrumental,Dehumanized,4
RUS_0575,Instrumental,Dehumanized,3
RUS_0394,Instrumental,Dehumanized,4
RUS_0353,Instrumental,Dehumanized,3
RUS_0087,Instrumental,Dehumanized,4
RUS_0609,Instrumental,Dehumanized,3
RUS_0195,Instrumental,Dehumanized,2
RUS_0341,Instrumental,Dehumanized,2
RUS_0731,Instrumental,Dehumanized,3
RUS_0189,Instrumental,Dehumanized,4
RUS_0859,Instrumental,Dehumanized,4
RUS_0338,Instrumental,Dehumanized,2
RUS_0735,Instrumental,Dehumanized,2
RUS_0626,Instrumental,Dehumanized,2
RUS_0997,Instrumental,Dehumanized,3
RUS_0741,Instrumental,Dehumanized,3
RUS_0814,Instrumental,Dehumanized,3
RUS_0311,Instrumental,Dehumanized,4
RUS_0872,Instrumental,Dehumanized,3
RUS_0882,Instrumental,Dehumanized,2
RUS_0769,Instrumental,Dehumanized,4
RUS_0026,Instrumental,Dehumanized,2
RUS_0802,Instrumental,Dehumanized,3
RUS_0075,Instrumental,Dehumanized,2
RUS_0136,Instrumental,Dehumanized,2
RUS_0414,Instrumental,Dehumanized,2
RUS_0378,Instrumental,Dehumanized,2
RUS_0342,Instrumental,Dehumanized,3
RUS_0622,Instrumental,Dehumanized,4
RUS_0130,Instrumental,Dehumanized,4
RUS_0395,Instrumental,Dehumanized,2
RUS_0639,Instrumental,Dehumanized,2
RUS_0058,Instrumental,Dehumanized,2
RUS_0815,Instrumental,Dehumanized,2
RUS_0056,Instrumental,Dehumanized,4
RUS_0642,Instrumental,Dehumanized,2
RUS_0553,Instrumental,Dehumanized,2
RUS_0595,Instrumental,Dehumanized,4
RUS_0565,Instrumental,Dehumanized,2
RUS_0300,Instrumental,Dehumanized,4
RUS_0895,Instrumental,Dehumanized,4
RUS_0861,Instrumental,Dehumanized,2
RUS_0675,Instrumental,Dehumanized,2
RUS_0580,Instrumental,Dehumanized,2
RUS_0421,Instrumental,Dehumanized,3
RUS_0881,Instrumental,Dehumanized,4
RUS_0420,Instrumental,Dehumanized,2
RUS_0555,Instrumental,Dehumanized,3
RUS_0288,Instrumental,Dehumanized,2
RUS_0926,Instrumental,Dehumanized,2
RUS_0264,Instrumental,Dehumanized,4
RUS_0028,Instrumental,Dehumanized,2
RUS_0683,Instrumental,Dehumanized,2
RUS_0322,Instrumental,Dehumanized,2
RUS_0778,Instrumental,Dehumanized,2
RUS_0634,Instrumental,Dehumanized,3
RUS_0910,Instrumental,Dehumanized,2
RUS_0225,Instrumental,Dehumanized,4
RUS_0152,Instrumental,Dehumanized,2
RUS_0320,Instrumental,Dehumanized,4
RUS_0327,Instrumental,Dehumanized,2
RUS_0187,Instrumental,Dehumanized,3
RUS_0204,Instrumental,Dehumanized,3
RUS_0229,Instrumental,Dehumanized,3
RUS_0801,Instrumental,Dehumanized,2
RUS_0055,Instrumental,Dehumanized,2
RUS_0958,Instrumental,Dehumanized,2
RUS_0880,Instrumental,Dehumanized,3
RUS_0798,Instrumental,Dehumanized,2
RUS_0173,Instrumental,Dehumanized,3
RUS_0736,Instrumental,Dehumanized,3
RUS_0844,Instrumental,Dehumanized,2
RUS_0220,Instrumental,Dehumanized,4
RUS_0376,Instrumental,Dehumanized,3
RUS_0950,Instrumental,Dehumanized,2
RUS_0922,Instrumental,Dehumanized,2
RUS_0613,Instrumental,Dehumanized,4
RUS_0560,Instrumental,Dehumanized,2
RUS_0906,Instrumental,Dehumanized,3
RUS_0329,Instrumental,Dehumanized,3
RUS_0539,Instrumental,Dehumanized,4
RUS_0662,Instrumental,Dehumanized,2
RUS_0932,Instrumental,Dehumanized,3
RUS_0463,Instrumental,Dehumanized,2
RUS_0047,Instrumental,Dehumanized,2
RUS_0999,Instrumental,Dehumanized,2
RUS_0712,Instrumental,Dehumanized,2
RUS_0884,Instrumental,Dehumanized,2
RUS_0751,Instrumental,Dehumanized,2
RUS_0339,Instrumental,Dehumanized,3
RUS_0277,Instrumental,Dehumanized,3
RUS_0528,Instrumental,Dehumanized,4
RUS_0146,Instrumental,Dehumanized,2
RUS_0289,Instrumental,Dehumanized,2
RUS_0468,Instrumental,Dehumanized,3
RUS_0878,Instrumental,Dehumanized,2
RUS_0727,Instrumental,Dehumanized,3
RUS_0599,Instrumental,Dehumanized,2
RUS_0602,Instrumental,Dehumanized,3
RUS_0758,Instrumental,Dehumanized,2
RUS_0784,Moral,Humanized,1
RUS_0258,Moral,Humanized,1
RUS_0049,Moral,Humanized,2
RUS_0692,Moral,Humanized,1
RUS_0391,Moral,Humanized,1
RUS_0352,Moral,Humanized,1
RUS_0190,Moral,Humanized,1
RUS_0108,Moral,Humanized,1
RUS_0579,Moral,Humanized,1
RUS_0542,Moral,Humanized,1
RUS_0912,Moral,Humanized,1
RUS_0066,Moral,Humanized,1
RUS_0719,Moral,Humanized,1
RUS_0869,Moral,Humanized,1
RUS_0265,Moral,Humanized,1
RUS_0453,Moral,Humanized,1
RUS_0077,Moral,Humanized,1
RUS_0418,Moral,Humanized,1
RUS_0610,Moral,Humanized,1
RUS_0201,Moral,Humanized,2
RUS_0170,Moral,Humanized,1
RUS_0079,Moral,Humanized,1
RUS_0650,Moral,Humanized,1
RUS_0325,Moral,Humanized,2
RUS_0983,Moral,Humanized,1
RUS_0174,Moral,Humanized,1
RUS_0711,Moral,Humanized,1
RUS_0917,Moral,Humanized,1
RUS_0996,Moral,Humanized,2
RUS_0386,Moral,Humanized,1
RUS_0008,Moral,Humanized,1
RUS_0671,Moral,Humanized,1
RUS_0112,Moral,Humanized,2
RUS_0299,Moral,Humanized,1
RUS_0254,Moral,Humanized,2
RUS_0313,Moral,Humanized,1
RUS_0734,Moral,Humanized,1
RUS_0407,Moral,Humanized,1
RUS_0566,Moral,Humanized,1
RUS_0304,Moral,Humanized,1
RUS_0847,Moral,Humanized,2
RUS_0691,Moral,Humanized,1
RUS_0207,Moral,Humanized,1
RUS_0335,Moral,Humanized,1
RUS_0921,Moral,Humanized,1
RUS_0494,Moral,Humanized,2
RUS_0811,Moral,Humanized,1
RUS_0966,Moral,Humanized,1
RUS_0413,Moral,Humanized,1
RUS_0635,Moral,Humanized,1
RUS_0447,Moral,Humanized,1
RUS_0100,Moral,Humanized,1
RUS_0888,Moral,Humanized,1
RUS_0367,Moral,Humanized,1
RUS_0465,Moral,Humanized,1
RUS_0907,Moral,Humanized,1
RUS_0080,Moral,Humanized,1
RUS_0985,Moral,Humanized,2
RUS_0464,Moral,Humanized,1
RUS_0396,Moral,Humanized,1
RUS_0512,Moral,Humanized,2
RUS_0507,Moral,Humanized,1
RUS_0250,Moral,Humanized,1
RUS_0219,Moral,Humanized,1
RUS_0158,Moral,Humanized,1
RUS_0272,Moral,Humanized,1
RUS_0992,Moral,Humanized,1
RUS_0157,Moral,Humanized,1
RUS_0280,Moral,Humanized,1
RUS_0704,Moral,Humanized,2
RUS_0519,Moral,Humanized,1
RUS_0797,Moral,Humanized,1
RUS_0809,Moral,Humanized,1
RUS_0194,Moral,Humanized,1
RUS_0331,Moral,Humanized,1
RUS_0848,Moral,Humanized,1
RUS_0223,Moral,Humanized,1
RUS_0601,Moral,Humanized,1
RUS_0526,Moral,Humanized,1
RUS_0703,Moral,Humanized,1
RUS_0402,Moral,Humanized,2
RUS_0411,Moral,Humanized,1
RUS_0518,Moral,Humanized,1
RUS_0090,Moral,Humanized,1
RUS_0781,Moral,Humanized,1
RUS_0743,Moral,Humanized,1
RUS_0520,Moral,Humanized,1
RUS_0909,Moral,Humanized,2
RUS_0513,Moral,Humanized,1
RUS_0491,Moral,Humanized,1
RUS_0404,Moral,Humanized,1
RUS_0591,Moral,Humanized,1
RUS_0433,Moral,Humanized,1
RUS_0800,Moral,Humanized,2
RUS_0756,Moral,Humanized,1
RUS_0135,Moral,Humanized,1
RUS_0127,Moral,Humanized,1
RUS_0868,Moral,Humanized,2
RUS_0371,Moral,Humanized,1
RUS_0236,Moral,Humanized,1
RUS_0516,Moral,Humanized,1
RUS_0244,Moral,Humanized,1
RUS_0920,Moral,Humanized,1
RUS_0551,Moral,Humanized,1
RUS_0034,Moral,Humanized,2
RUS_0392,Moral,Humanized,2
RUS_0864,Moral,Humanized,1
RUS_0766,Moral,Humanized,1
RUS_0065,Moral,Humanized,1
RUS_0014,Moral,Humanized,1
RUS_0036,Moral,Humanized,1
RUS_0715,Moral,Humanized,1
RUS_0032,Moral,Humanized,1
RUS_0071,Moral,Humanized,1
RUS_0168,Moral,Humanized,1
RUS_0990,Moral,Humanized,2
RUS_0681,Moral,Humanized,1
RUS_0284,Moral,Humanized,1
RUS_0269,Moral,Humanized,1
RUS_0818,Moral,Humanized,1
RUS_0148,Moral,Humanized,2
RUS_0364,Moral,Humanized,1
RUS_0033,Moral,Humanized,1
RUS_0446,Moral,Humanized,1
RUS_0737,Moral,Humanized,1
RUS_0017,Moral,Humanized,1
RUS_0416,Moral,Humanized,2
RUS_0496,Moral,Humanized,1
RUS_0004,Moral,Humanized,2
RUS_0581,Moral,Humanized,1
RUS_0310,Moral,Humanized,1
RUS_0684,Moral,Humanized,1
RUS_0529,Moral,Humanized,1
RUS_0796,Moral,Humanized,1
RUS_0461,Moral,Humanized,2
RUS_0351,Moral,Humanized,1
RUS_0761,Moral,Humanized,1
RUS_0967,Moral,Humanized,1
RUS_0676,Moral,Humanized,1
RUS_0785,Moral,Humanized,1
RUS_0497,Moral,Humanized,1
RUS_0791,Moral,Humanized,1
RUS_0860,Moral,Humanized,2
RUS_0467,Moral,Humanized,1
RUS_0899,Moral,Humanized,1
RUS_0508,Moral,Humanized,2
RUS_0399,Moral,Humanized,1
RUS_0169,Moral,Humanized,2
RUS_0076,Moral,Humanized,2
RUS_0332,Moral,Humanized,1
RUS_0943,Moral,Humanized,1
RUS_0059,Moral,Humanized,1
RUS_0303,Moral,Humanized,1
RUS_0377,Moral,Humanized,1
RUS_0911,Moral,Humanized,2
RUS_0314,Moral,Humanized,2
RUS_0203,Moral,Humanized,1
RUS_0583,Moral,Humanized,1
RUS_0138,Moral,Humanized,1
RUS_0466,Moral,Humanized,1
RUS_0240,Moral,Humanized,2
RUS_0636,Moral,Humanized,2
RUS_0549,Moral,Humanized,1
RUS_0116,Moral,Humanized,1
RUS_0013,Moral,Humanized,1
RUS_0358,Moral,Humanized,2
RUS_0103,Moral,Humanized,1
RUS_0830,Moral,Humanized,1
RUS_0401,Moral,Humanized,1
RUS_0965,Moral,Humanized,1
RUS_0060,Moral,Humanized,1
RUS_0213,Moral,Humanized,1
RUS_0431,Moral,Humanized,2
RUS_0721,Moral,Humanized,1
RUS_0482,Moral,Humanized,1
RUS_0532,Moral,Humanized,2
RUS_0068,Moral,Humanized,1
RUS_0661,Moral,Humanized,1
RUS_0222,Moral,Humanized,1
RUS_0563,Moral,Humanized,1
RUS_0452,Moral,Humanized,1
RUS_0281,Moral,Humanized,2
RUS_0929,Moral,Humanized,1
RUS_0586,Moral,Humanized,1
RUS_0458,Moral,Humanized,1
RUS_0690,Moral,Humanized,2
RUS_0067,Moral,Humanized,1
RUS_0821,Moral,Humanized,2
RUS_0397,Moral,Humanized,1
RUS_0530,Moral,Humanized,1
RUS_0808,Moral,Humanized,2
RUS_0109,Moral,Humanized,1
RUS_0046,Moral,Humanized,1
RUS_0545,Moral,Humanized,2
RUS_0196,Moral,Humanized,1
RUS_0930,Moral,Humanized,1
RUS_0276,Moral,Humanized,1
RUS_0227,Moral,Humanized,1
RUS_0273,Moral,Humanized,1
RUS_0688,Moral,Humanized,1
RUS_0837,Moral,Humanized,1
RUS_0747,Moral,Humanized,1
RUS_0245,Moral,Humanized,1
RUS_0228,Moral,Humanized,1
RUS_0226,Moral,Humanized,2
RUS_0951,Moral,Humanized,1
RUS_0235,Moral,Humanized,1
RUS_0582,Moral,Humanized,1
RUS_0832,Moral,Humanized,1
RUS_0290,Moral,Humanized,1
RUS_0631,Moral,Humanized,1
RUS_0944,Moral,Humanized,1
RUS_0278,Moral,Humanized,1
RUS_0835,Moral,Humanized,1
RUS_0302,Moral,Humanized,1
RUS_0623,Moral,Humanized,2
RUS_0767,Moral,Humanized,1
RUS_0145,Moral,Humanized,1
RUS_0585,Moral,Humanized,1
RUS_0722,Moral,Humanized,2
RUS_0031,Moral,Humanized,2
RUS_0440,Moral,Humanized,1
RUS_0094,Moral,Humanized,1
RUS_0134,Moral,Humanized,1
RUS_0867,Moral,Humanized,1
RUS_0936,Moral,Humanized,2
RUS_0260,Moral,Humanized,1
RUS_0053,Moral,Humanized,1
RUS_0275,Moral,Humanized,1
RUS_0982,Moral,Humanized,1
RUS_0293,Moral,Humanized,1
RUS_0949,Moral,Humanized,1
RUS_0279,Moral,Humanized,1
RUS_0292,Moral,Humanized,1
RUS_0709,Moral,Humanized,1
RUS_0998,Moral,Humanized,2
RUS_0567,Moral,Humanized,1
RUS_0632,Moral,Humanized,2
RUS_0481,Moral,Humanized,1
RUS_0759,Moral,Humanized,2
RUS_0833,Moral,Humanized,2
RUS_0110,Moral,Humanized,1
RUS_0382,Moral,Humanized,2
RUS_0777,Moral,Humanized,1
RUS_0210,Moral,Humanized,1
RUS_0763,Moral,Humanized,1
RUS_0749,Moral,Humanized,1
RUS_0009,Moral,Humanized,1
RUS_0718,Moral,Humanized,1
RUS_0141,Moral,Humanized,1
RUS_0596,Moral,Dehumanized,1
RUS_0460,Moral,Dehumanized,1
RUS_0478,Moral,Dehumanized,1
RUS_0445,Moral,Dehumanized,1
RUS_0696,Moral,Dehumanized,1
RUS_0725,Moral,Dehumanized,1
RUS_0728,Moral,Dehumanized,1
RUS_0336,Moral,Dehumanized,1
RUS_0593,Moral,Dehumanized,1
RUS_0070,Moral,Dehumanized,1
RUS_0111,Moral,Dehumanized,1
RUS_0092,Moral,Dehumanized,1
RUS_0584,Moral,Dehumanized,1
RUS_0620,Moral,Dehumanized,1
RUS_0449,Moral,Dehumanized,1
RUS_0474,Moral,Dehumanized,1
RUS_0211,Moral,Dehumanized,1
RUS_0159,Moral,Dehumanized,1
RUS_0638,Moral,Dehumanized,1
RUS_0887,Moral,Dehumanized,1
RUS_0214,Moral,Dehumanized,1
RUS_0973,Moral,Dehumanized,1
RUS_0952,Moral,Dehumanized,1
RUS_0455,Moral,Dehumanized,1
RUS_0192,Moral,Dehumanized,1
RUS_0670,Moral,Dehumanized,1
RUS_0019,Moral,Dehumanized,1
RUS_0776,Moral,Dehumanized,1
RUS_0799,Moral,Dehumanized,1
RUS_0707,Moral,Dehumanized,1
RUS_0471,Moral,Dehumanized,1
RUS_0803,Moral,Dehumanized,1
RUS_0450,Moral,Dehumanized,1
RUS_0185,Moral,Dehumanized,1
RUS_0699,Moral,Dehumanized,1
RUS_0385,Moral,Dehumanized,1
RUS_0012,Moral,Dehumanized,1
RUS_0206,Moral,Dehumanized,1
RUS_0456,Moral,Dehumanized,1
RUS_1000,Moral,Dehumanized,1
RUS_0142,Moral,Dehumanized,1
RUS_0323,Moral,Dehumanized,1
RUS_0554,Moral,Dehumanized,1
RUS_0091,Moral,Dehumanized,1
RUS_0499,Moral,Dehumanized,1
RUS_0096,Moral,Dehumanized,1
RUS_0979,Moral,Dehumanized,1
RUS_0041,Moral,Dehumanized,1
RUS_0257,Moral,Dehumanized,1
RUS_0248,Moral,Dehumanized,1
RUS_0695,Moral,Dehumanized,1
RUS_0914,Moral,Dehumanized,1
RUS_0607,Moral,Dehumanized,1
RUS_0569,Moral,Dehumanized,1
RUS_0133,Moral,Dehumanized,1
RUS_0316,Moral,Dehumanized,1
RUS_0451,Moral,Dehumanized,1
RUS_0546,Moral,Dehumanized,1
RUS_0885,Moral,Dehumanized,1
RUS_0678,Moral,Dehumanized,1
RUS_0328,Moral,Dehumanized,1
RUS_0775,Moral,Dehumanized,1
RUS_0540,Moral,Dehumanized,1
RUS_0521,Moral,Dehumanized,1
RUS_0562,Moral,Dehumanized,1
RUS_0097,Moral,Dehumanized,1
RUS_0218,Moral,Dehumanized,1
RUS_0714,Moral,Dehumanized,1
RUS_0568,Moral,Dehumanized,1
RUS_0485,Moral,Dehumanized,1
RUS_0504,Moral,Dehumanized,1
RUS_0813,Moral,Dehumanized,1
RUS_0479,Moral,Dehumanized,1
RUS_0625,Moral,Dehumanized,1
RUS_0877,Moral,Dehumanized,1
RUS_0896,Moral,Dehumanized,1
RUS_0472,Moral,Dehumanized,1
RUS_0612,Moral,Dehumanized,1
RUS_0126,Moral,Dehumanized,1
RUS_0307,Moral,Dehumanized,1
RUS_0462,Moral,Dehumanized,1
RUS_0161,Moral,Dehumanized,1
RUS_0574,Moral,Dehumanized,1
RUS_0149,Moral,Dehumanized,1
RUS_0825,Moral,Dehumanized,1
RUS_0139,Moral,Dehumanized,1
RUS_0355,Moral,Dehumanized,1
RUS_0693,Moral,Dehumanized,1
RUS_0694,Moral,Dehumanized,1
RUS_0155,Moral,Dehumanized,1
RUS_0826,Moral,Dehumanized,1
RUS_0994,Moral,Dehumanized,1
RUS_0772,Moral,Dehumanized,1
RUS_0363,Moral,Dehumanized,1
RUS_0511,Moral,Dehumanized,1
RUS_0946,Moral,Dehumanized,1
RUS_0238,Moral,Dehumanized,1
RUS_0486,Moral,Dehumanized,1
RUS_0350,Moral,Dehumanized,1
RUS_0119,Moral,Dehumanized,1
RUS_0052,Moral,Dehumanized,1
RUS_0333,Moral,Dehumanized,1
RUS_0224,Moral,Dehumanized,1
RUS_0957,Moral,Dehumanized,1
RUS_0271,Moral,Dehumanized,1
RUS_0666,Moral,Dehumanized,1
RUS_0030,Moral,Dehumanized,1
RUS_0840,Moral,Dehumanized,1
RUS_0600,Moral,Dehumanized,1
RUS_0180,Moral,Dehumanized,1
RUS_0923,Moral,Dehumanized,1
RUS_0658,Moral,Dehumanized,1
RUS_0020,Moral,Dehumanized,1
RUS_0361,Moral,Dehumanized,1
RUS_0259,Moral,Dehumanized,1
RUS_0524,Moral,Dehumanized,1
RUS_0172,Moral,Dehumanized,1
RUS_0505,Moral,Dehumanized,1
RUS_0672,Moral,Dehumanized,1
RUS_0389,Moral,Dehumanized,1
RUS_0388,Moral,Dehumanized,1
RUS_0853,Moral,Dehumanized,1
RUS_0037,Moral,Dehumanized,1
RUS_0726,Moral,Dehumanized,1
RUS_0687,Moral,Dehumanized,1
RUS_0099,Moral,Dehumanized,1
RUS_0710,Moral,Dehumanized,1
RUS_0241,Moral,Dehumanized,1
RUS_0487,Moral,Dehumanized,1
RUS_0344,Moral,Dehumanized,1
RUS_0787,Moral,Dehumanized,1
RUS_0164,Moral,Dehumanized,1
RUS_0817,Moral,Dehumanized,1
RUS_0653,Moral,Dehumanized,1
RUS_0955,Moral,Dehumanized,1
RUS_0422,Moral,Dehumanized,1
RUS_0356,Moral,Dehumanized,1
RUS_0746,Moral,Dehumanized,1
RUS_0720,Moral,Dehumanized,1
RUS_0902,Moral,Dehumanized,1
RUS_0893,Moral,Dehumanized,1
RUS_0315,Moral,Dehumanized,1
RUS_0940,Moral,Dehumanized,1
RUS_0765,Moral,Dehumanized,1
RUS_0541,Moral,Dehumanized,1
RUS_0216,Moral,Dehumanized,1
RUS_0285,Moral,Dehumanized,1
RUS_0901,Moral,Dehumanized,1
RUS_0437,Moral,Dehumanized,1
RUS_0713,Moral,Dehumanized,1
RUS_0428,Moral,Dehumanized,1
RUS_0007,Moral,Dehumanized,1
RUS_0927,Moral,Dehumanized,1
RUS_0459,Moral,Dehumanized,1
RUS_0856,Moral,Dehumanized,1
RUS_0104,Moral,Dehumanized,1
RUS_0143,Moral,Dehumanized,1
RUS_0618,Moral,Dehumanized,1
RUS_0669,Moral,Dehumanized,1
RUS_0098,Moral,Dehumanized,1
RUS_0176,Moral,Dehumanized,1
RUS_0317,Moral,Dehumanized,1
RUS_0492,Moral,Dehumanized,1
RUS_0124,Moral,Dehumanized,1
RUS_0892,Moral,Dehumanized,1
RUS_0372,Moral,Dehumanized,1
RUS_0419,Moral,Dehumanized,1
RUS_0253,Moral,Dehumanized,1
RUS_0948,Moral,Dehumanized,1
RUS_0629,Moral,Dehumanized,1
RUS_0234,Moral,Dehumanized,1
RUS_0981,Moral,Dehumanized,1
RUS_0178,Moral,Dehumanized,1
RUS_0287,Moral,Dehumanized,1
RUS_0040,Moral,Dehumanized,1
RUS_0608,Moral,Dehumanized,1
RUS_0406,Moral,Dehumanized,1
RUS_0383,Moral,Dehumanized,1
RUS_0266,Moral,Dehumanized,1
RUS_0685,Moral,Dehumanized,1
RUS_0057,Moral,Dehumanized,1
RUS_0606,Moral,Dehumanized,1
RUS_0891,Moral,Dehumanized,1
RUS_0357,Moral,Dehumanized,1
RUS_0209,Moral,Dehumanized,1
RUS_0045,Moral,Dehumanized,1
RUS_0627,Moral,Dehumanized,1
RUS_0876,Moral,Dehumanized,1
RUS_0435,Moral,Dehumanized,1
RUS_0023,Moral,Dehumanized,1
RUS_0908,Moral,Dehumanized,1
RUS_0061,Moral,Dehumanized,1
RUS_0665,Moral,Dehumanized,1
RUS_0321,Moral,Dehumanized,1
RUS_0723,Moral,Dehumanized,1
RUS_0548,Moral,Dehumanized,1
RUS_0184,Moral,Dehumanized,1
RUS_0118,Moral,Dehumanized,1
RUS_0205,Moral,Dehumanized,1
RUS_0215,Moral,Dehumanized,1
RUS_0664,Moral,Dehumanized,1
RUS_0989,Moral,Dehumanized,1
RUS_0162,Moral,Dehumanized,1
RUS_0643,Moral,Dehumanized,1
RUS_0232,Moral,Dehumanized,1
RUS_0866,Moral,Dehumanized,1
RUS_0705,Moral,Dehumanized,1
RUS_0732,Moral,Dehumanized,1
RUS_0131,Moral,Dehumanized,1
RUS_0029,Moral,Dehumanized,1
RUS_0879,Moral,Dehumanized,1
RUS_0589,Moral,Dehumanized,1
RUS_0522,Moral,Dehumanized,1
RUS_0564,Moral,Dehumanized,1
RUS_0745,Moral,Dehumanized,1
RUS_0154,Moral,Dehumanized,1
RUS_0816,Moral,Dehumanized,1
RUS_0365,Moral,Dehumanized,1
RUS_0544,Moral,Dehumanized,1
RUS_0594,Moral,Dehumanized,1
RUS_0510,Moral,Dehumanized,1
RUS_0862,Moral,Dehumanized,1
RUS_0954,Moral,Dehumanized,1
RUS_0733,Moral,Dehumanized,1
RUS_0082,Moral,Dehumanized,1
RUS_0572,Moral,Dehumanized,1
RUS_0822,Moral,Dehumanized,1
RUS_0137,Moral,Dehumanized,1
RUS_0865,Moral,Dehumanized,1
RUS_0971,Moral,Dehumanized,1
RUS_0963,Moral,Dehumanized,1
RUS_0063,Moral,Dehumanized,1
RUS_0515,Moral,Dehumanized,1
RUS_0470,Moral,Dehumanized,1
RUS_0042,Moral,Dehumanized,1
RUS_0770,Moral,Dehumanized,1
RUS_0295,Moral,Dehumanized,1
RUS_0645,Moral,Dehumanized,1
RUS_0393,Moral,Dehumanized,1
RUS_0773,Moral,Dehumanized,1
RUS_0843,Moral,Dehumanized,1
RUS_0043,Moral,Dehumanized,1
RUS_0894,Moral,Dehumanized,1
RUS_0188,Moral,Dehumanized,1
RUS_0752,Moral,Dehumanized,1
RUS_0495,Moral,Dehumanized,1
RUS_0423,Moral,Dehumanized,1
RUS_0380,Moral,Dehumanized,1
RUS_0673,Moral,Dehumanized,1
RUS_0924,Moral,Dehumanized,1
